rental_id,customer_id,movie_id,rental_date,start_view_date,expiry_date,price_paid,credit_card_num,credit_card_type,customer_rating
1,8,146,2025-08-07,2025-08-10,2025-08-11,7.81,344543079637314,AX,1
2,149,156,2025-08-16,2025-08-16,2025-08-17,8.24,4081785221158710,VS,5
3,114,22,2025-08-16,2025-08-18,2025-08-19,7.33,375235426874474,AX,4
4,71,5,2025-05-24,2025-05-25,2025-05-26,7.49,5473208652377728,MC,5
5,54,179,2025-07-15,2025-07-18,2025-07-19,5.3,4656337014005271,VS,2
6,91,289,2025-07-11,2025-07-13,2025-07-14,8.57,5305580002722140,MC,2
7,72,156,2025-06-07,2025-06-10,2025-06-11,9.57,377316094391369,AX,4
8,97,242,2025-07-10,2025-07-11,2025-07-12,8.53,4720313695528628,VS,5
9,199,270,2025-08-16,2025-08-18,2025-08-19,8.48,349297352595336,AX,5
10,149,179,2025-06-03,2025-06-06,2025-06-07,5.21,342739389920455,AX,2
11,60,50,2025-08-10,2025-08-10,2025-08-11,9.66,2535323661850764,MC,4
12,83,119,2025-05-28,2025-05-29,2025-05-30,9.49,348708269718234,AX,2
13,187,197,2025-06-26,2025-06-29,2025-06-30,5.3,341071261583883,AX,3
14,30,20,2025-07-20,2025-07-20,2025-07-21,8.81,2222764846735743,MC,5
15,162,16,2025-06-01,2025-06-02,2025-06-03,5.53,5533222801944252,MC,4
16,97,69,2025-07-13,2025-07-14,2025-07-15,6.25,342256062953505,AX,4
17,174,147,2025-08-15,2025-08-16,2025-08-17,8.7,373731180467416,AX,4
18,136,99,2025-08-08,2025-08-08,2025-08-09,5.11,4075384185201365,VS,1
19,53,18,2025-06-05,2025-06-06,2025-06-07,6.79,370846397561547,AX,4
20,146,280,2025-08-04,2025-08-04,2025-08-05,5.92,2505549121516415,MC,5
21,128,98,2025-05-27,2025-05-28,2025-05-29,9.13,4564091969395788,VS,5
22,91,183,2025-07-07,2025-07-08,2025-07-09,7.18,372070204262011,AX,4
23,19,292,2025-07-19,2025-07-19,2025-07-20,8.9,371212413936966,AX,3
24,26,61,2025-07-03,2025-07-06,2025-07-07,5.25,376098731267738,AX,5
25,85,12,2025-05-27,2025-05-28,2025-05-29,9.6,2720227607598897,MC,3
26,100,184,2025-07-05,2025-07-05,2025-07-06,9.83,375339431916542,AX,1
27,137,295,2025-06-07,2025-06-08,2025-06-09,9.65,4895231202191509,VS,5
28,80,205,2025-08-03,2025-08-03,2025-08-04,8.48,4764497470002680,VS,1
29,150,242,2025-07-04,2025-07-06,2025-07-07,5.14,4448676497974161,VS,3
30,108,134,2025-08-07,2025-08-08,2025-08-09,9.43,2236560450063552,MC,1
31,36,105,2025-07-26,2025-07-28,2025-07-29,9.55,4730964969277116,VS,1
32,61,253,2025-08-13,2025-08-13,2025-08-14,9.51,4296353059702553,VS,1
33,89,37,2025-05-30,2025-06-02,2025-06-03,8.69,4827636431594898,VS,1
34,142,246,2025-08-10,2025-08-11,2025-08-12,8.61,2709596546634541,MC,1
35,10,255,2025-08-12,2025-08-13,2025-08-14,6.74,4344149169993930,VS,4
36,78,117,2025-08-08,2025-08-08,2025-08-09,5.12,374974394640886,AX,2
37,137,195,2025-06-05,2025-06-05,2025-06-06,7.4,4309586297398891,VS,4
38,197,194,2025-08-11,2025-08-12,2025-08-13,8.5,2251321097202172,MC,5
39,36,60,2025-08-01,2025-08-04,2025-08-05,9.48,347548534655790,AX,3
40,91,100,2025-06-01,2025-06-03,2025-06-04,9.58,5503004496461297,MC,2
41,60,48,2025-06-10,2025-06-10,2025-06-11,7.06,340251213756586,AX,5
42,146,24,2025-07-27,2025-07-27,2025-07-28,6.24,4359570861993146,VS,1
43,20,30,2025-07-27,2025-07-28,2025-07-29,5.89,2288434566311387,MC,1
44,81,180,2025-07-12,2025-07-13,2025-07-14,5.64,2280342362203344,MC,4
45,123,63,2025-07-03,2025-07-03,2025-07-04,6.24,372463104379680,AX,5
46,53,254,2025-07-30,2025-08-01,2025-08-02,7.21,378008529469022,AX,3
47,94,283,2025-08-14,2025-08-16,2025-08-17,6.21,4774174304350233,VS,3
48,82,278,2025-07-11,2025-07-11,2025-07-12,6.72,370228946652756,AX,4
49,181,249,2025-07-29,2025-07-31,2025-08-01,6.01,343328293020252,AX,2
50,134,119,2025-06-27,2025-06-29,2025-06-30,7.75,4330303346771166,VS,1
51,96,73,2025-08-04,2025-08-04,2025-08-05,8.48,375076279955303,AX,4
52,30,11,2025-06-05,2025-06-08,2025-06-09,6.34,375301239847238,AX,5
53,99,154,2025-05-22,2025-05-22,2025-05-23,6.39,344202847190177,AX,5
54,99,254,2025-07-28,2025-07-28,2025-07-29,6.91,2223240507648714,MC,1
55,58,106,2025-08-08,2025-08-11,2025-08-12,8.29,377546199240653,AX,5
56,14,157,2025-07-21,2025-07-21,2025-07-22,8.8,4872725812259090,VS,1
57,156,173,2025-08-03,2025-08-05,2025-08-06,6.07,4668448237337916,VS,1
58,88,223,2025-08-05,2025-08-08,2025-08-09,9.63,4121101878035866,VS,1
59,28,284,2025-08-06,2025-08-09,2025-08-10,9.65,4170740392519994,VS,3
60,137,238,2025-06-13,2025-06-16,2025-06-17,8.59,4295171222764339,VS,5
61,67,84,2025-07-13,2025-07-16,2025-07-17,8.72,2422054221626545,MC,2
62,34,8,2025-07-16,2025-07-18,2025-07-19,9.74,4330833444704883,VS,1
63,64,278,2025-07-07,2025-07-09,2025-07-10,7.85,2699504702059687,MC,1
64,158,141,2025-07-25,2025-07-27,2025-07-28,8.29,2281953774926634,MC,5
65,4,64,2025-06-04,2025-06-06,2025-06-07,8.29,4634277752259200,VS,3
66,46,228,2025-06-29,2025-07-02,2025-07-03,7.19,346581292059229,AX,4
67,10,184,2025-07-16,2025-07-19,2025-07-20,9.21,4115630295596363,VS,2
68,105,30,2025-06-12,2025-06-12,2025-06-13,9.48,2426294206615495,MC,5
69,81,33,2025-07-08,2025-07-11,2025-07-12,6.28,348513313800495,AX,3
70,67,254,2025-07-10,2025-07-11,2025-07-12,8.14,342112212154819,AX,2
71,159,26,2025-07-28,2025-07-29,2025-07-30,8.26,378268687640190,AX,2
72,176,260,2025-05-30,2025-06-02,2025-06-03,6.58,4488064420062985,VS,5
73,184,117,2025-08-16,2025-08-16,2025-08-17,9.95,4787358566464197,VS,3
74,5,181,2025-07-01,2025-07-01,2025-07-02,6.16,4342192622132045,VS,1
75,20,260,2025-07-26,2025-07-29,2025-07-30,7.55,340429483147898,AX,2
76,53,167,2025-08-03,2025-08-05,2025-08-06,7.07,4179726999949818,VS,4
77,73,74,2025-07-22,2025-07-22,2025-07-23,8.02,2229318003666028,MC,3
78,86,209,2025-07-27,2025-07-29,2025-07-30,9.7,5100532853863108,MC,3
79,160,16,2025-06-20,2025-06-21,2025-06-22,5.21,5252438380582698,MC,2
80,152,14,2025-06-05,2025-06-05,2025-06-06,6.05,4076862763328386,VS,3
81,131,261,2025-07-18,2025-07-20,2025-07-21,6.88,373376185186262,AX,5
82,9,77,2025-07-03,2025-07-06,2025-07-07,5.38,4368410132823393,VS,1
83,58,290,2025-06-03,2025-06-06,2025-06-07,8.66,4883527918750676,VS,5
84,14,242,2025-07-06,2025-07-09,2025-07-10,6.34,2291065920881437,MC,5
85,76,125,2025-08-02,2025-08-04,2025-08-05,8.99,349279761781590,AX,3
86,60,234,2025-06-29,2025-07-01,2025-07-02,9.85,4845720266568629,VS,2
87,114,210,2025-07-18,2025-07-20,2025-07-21,6.75,379125734989922,AX,5
88,20,186,2025-06-22,2025-06-25,2025-06-26,6.14,4394607429907478,VS,4
89,59,292,2025-06-02,2025-06-03,2025-06-04,6.21,4694179967080891,VS,4
90,173,300,2025-07-03,2025-07-04,2025-07-05,6.29,4748599464183987,VS,3
91,88,161,2025-08-10,2025-08-10,2025-08-11,7.03,371673478536985,AX,5
92,38,295,2025-08-06,2025-08-09,2025-08-10,9.4,4649804450928605,VS,2
93,47,233,2025-06-20,2025-06-20,2025-06-21,5.59,341026270664892,AX,3
94,196,284,2025-08-15,2025-08-18,2025-08-19,5.49,4082484581308896,VS,1
95,111,13,2025-07-12,2025-07-13,2025-07-14,5.65,340574883997416,AX,5
96,100,217,2025-07-12,2025-07-14,2025-07-15,7.0,376302750003051,AX,5
97,62,151,2025-07-28,2025-07-28,2025-07-29,9.48,2296199530564185,MC,3
98,152,56,2025-06-14,2025-06-14,2025-06-15,8.68,347846790870180,AX,3
99,115,210,2025-07-04,2025-07-07,2025-07-08,9.16,4600136510344441,VS,3
100,194,245,2025-06-01,2025-06-02,2025-06-03,5.91,4674568652406227,VS,5
101,131,43,2025-05-31,2025-06-01,2025-06-02,7.96,375996725622217,AX,3
102,173,233,2025-07-18,2025-07-21,2025-07-22,7.18,5153347047476485,MC,5
103,185,144,2025-06-17,2025-06-17,2025-06-18,6.48,375939652138351,AX,3
104,13,289,2025-05-20,2025-05-23,2025-05-24,6.6,2512455312900361,MC,3
105,194,92,2025-06-01,2025-06-02,2025-06-03,9.06,341173277264886,AX,2
106,111,266,2025-07-30,2025-08-01,2025-08-02,9.39,4958558522942524,VS,3
107,26,178,2025-07-28,2025-07-30,2025-07-31,5.58,371618575917109,AX,3
108,125,225,2025-06-21,2025-06-22,2025-06-23,6.43,348054914774474,AX,3
109,156,55,2025-06-11,2025-06-12,2025-06-13,6.38,4352478417159492,VS,1
110,53,283,2025-07-03,2025-07-04,2025-07-05,7.98,344493053788032,AX,1
111,139,276,2025-06-07,2025-06-08,2025-06-09,7.43,348361133892601,AX,1
112,95,105,2025-07-08,2025-07-10,2025-07-11,7.12,4882815278730482,VS,4
113,134,65,2025-07-01,2025-07-04,2025-07-05,9.58,2226152174653538,MC,1
114,114,222,2025-07-05,2025-07-08,2025-07-09,5.42,2601891567344677,MC,2
115,72,60,2025-05-28,2025-05-30,2025-05-31,8.71,377629691433628,AX,2
116,187,39,2025-07-16,2025-07-18,2025-07-19,7.53,376645099990010,AX,3
117,117,263,2025-05-24,2025-05-24,2025-05-25,8.43,4739083521189684,VS,1
118,111,52,2025-06-17,2025-06-19,2025-06-20,9.2,372464884997956,AX,1
119,163,5,2025-07-01,2025-07-02,2025-07-03,7.92,348575958281901,AX,2
120,173,101,2025-06-06,2025-06-08,2025-06-09,5.75,5517978912488394,MC,2
121,188,255,2025-08-16,2025-08-18,2025-08-19,5.98,371705984451430,AX,1
122,133,110,2025-06-30,2025-06-30,2025-07-01,5.33,2528681123038859,MC,5
123,157,107,2025-08-01,2025-08-02,2025-08-03,7.08,378119397814593,AX,3
124,158,195,2025-05-21,2025-05-22,2025-05-23,6.73,4992177905528665,VS,5
125,169,93,2025-07-15,2025-07-17,2025-07-18,9.37,343515880705325,AX,4
126,126,201,2025-07-24,2025-07-26,2025-07-27,7.39,4011939103829741,VS,1
127,57,58,2025-06-02,2025-06-04,2025-06-05,9.84,2275136090858180,MC,3
128,64,218,2025-07-28,2025-07-28,2025-07-29,7.31,340450243736150,AX,3
129,170,59,2025-07-26,2025-07-28,2025-07-29,6.98,4366271358969332,VS,2
130,199,248,2025-06-23,2025-06-26,2025-06-27,7.05,4900585615473157,VS,2
131,8,149,2025-08-11,2025-08-13,2025-08-14,6.07,4639792551164364,VS,4
132,16,288,2025-07-24,2025-07-26,2025-07-27,8.36,2720028377270281,MC,4
133,101,227,2025-07-16,2025-07-19,2025-07-20,6.29,2366053428164415,MC,1
134,69,249,2025-08-07,2025-08-08,2025-08-09,8.17,2310197535846401,MC,1
135,79,230,2025-06-25,2025-06-28,2025-06-29,7.85,340388027304276,AX,2
136,138,106,2025-06-29,2025-06-29,2025-06-30,8.04,4628144471893958,VS,2
137,155,277,2025-08-05,2025-08-05,2025-08-06,5.1,4096906764909227,VS,4
138,24,171,2025-07-08,2025-07-10,2025-07-11,5.31,4987455135872716,VS,1
139,133,108,2025-07-03,2025-07-05,2025-07-06,5.98,4306881164034395,VS,2
140,138,203,2025-07-07,2025-07-08,2025-07-09,9.0,2618738775833366,MC,3
141,85,212,2025-06-16,2025-06-17,2025-06-18,8.66,4704130909153864,VS,1
142,10,11,2025-05-22,2025-05-22,2025-05-23,6.98,4826254204123191,VS,4
143,11,81,2025-05-23,2025-05-25,2025-05-26,5.11,2287720441007948,MC,2
144,9,140,2025-05-29,2025-05-29,2025-05-30,8.27,2713245381097943,MC,2
145,190,139,2025-05-29,2025-05-29,2025-05-30,5.36,342487098726496,AX,4
146,6,8,2025-06-28,2025-06-29,2025-06-30,8.67,342251742240431,AX,4
147,50,160,2025-06-05,2025-06-07,2025-06-08,7.55,2311890034686166,MC,1
148,78,141,2025-06-09,2025-06-12,2025-06-13,5.49,347028672020099,AX,5
149,121,193,2025-06-21,2025-06-23,2025-06-24,5.46,2246621953689000,MC,4
150,144,143,2025-06-21,2025-06-24,2025-06-25,9.53,2479500173259000,MC,5
151,130,126,2025-08-05,2025-08-08,2025-08-09,9.96,373971307221136,AX,4
152,96,280,2025-07-11,2025-07-11,2025-07-12,6.11,2299087167221046,MC,1
153,102,119,2025-06-19,2025-06-22,2025-06-23,7.37,2256171928170741,MC,1
154,165,160,2025-06-18,2025-06-20,2025-06-21,9.04,346023442252164,AX,1
155,25,288,2025-05-21,2025-05-22,2025-05-23,9.31,345239412094474,AX,4
156,152,128,2025-08-05,2025-08-05,2025-08-06,7.01,372690326551320,AX,4
157,134,291,2025-07-04,2025-07-05,2025-07-06,8.83,371794802455989,AX,3
158,106,160,2025-06-23,2025-06-25,2025-06-26,5.17,346021191589125,AX,5
159,154,209,2025-08-06,2025-08-06,2025-08-07,8.44,2386498647868625,MC,5
160,126,280,2025-06-09,2025-06-12,2025-06-13,9.79,2460088447408372,MC,2
161,83,237,2025-08-07,2025-08-10,2025-08-11,7.76,4919074992164001,VS,1
162,27,218,2025-06-28,2025-06-28,2025-06-29,5.63,2718369235348487,MC,1
163,42,267,2025-07-01,2025-07-01,2025-07-02,5.98,377082139865466,AX,1
164,10,218,2025-06-07,2025-06-10,2025-06-11,8.12,340212372055038,AX,5
165,125,72,2025-08-01,2025-08-04,2025-08-05,5.04,2230000886346731,MC,1
166,112,151,2025-07-16,2025-07-18,2025-07-19,6.6,4900889911416005,VS,3
167,145,85,2025-07-15,2025-07-16,2025-07-17,7.61,5369232737989791,MC,2
168,158,191,2025-05-24,2025-05-26,2025-05-27,7.3,2290854818674637,MC,3
169,192,70,2025-05-23,2025-05-24,2025-05-25,8.57,4099843361137117,VS,4
170,3,163,2025-07-09,2025-07-12,2025-07-13,5.74,345198545829422,AX,1
171,2,160,2025-05-21,2025-05-22,2025-05-23,8.46,344015353466074,AX,5
172,118,170,2025-06-20,2025-06-20,2025-06-21,8.11,379994494667204,AX,5
173,41,35,2025-05-29,2025-05-31,2025-06-01,7.79,4824028182238797,VS,2
174,89,8,2025-08-17,2025-08-18,2025-08-19,6.41,2260262085817457,MC,4
175,150,157,2025-08-15,2025-08-17,2025-08-18,8.82,4735364235700410,VS,3
176,144,278,2025-06-04,2025-06-05,2025-06-06,7.95,348285181612555,AX,1
177,188,111,2025-07-13,2025-07-15,2025-07-16,6.3,344610079230463,AX,1
178,33,268,2025-06-28,2025-07-01,2025-07-02,7.87,5101283827101238,MC,5
179,155,142,2025-08-15,2025-08-18,2025-08-19,5.83,349615120485078,AX,2
180,56,47,2025-07-30,2025-07-31,2025-08-01,5.81,376534460422763,AX,1
181,83,40,2025-06-10,2025-06-10,2025-06-11,7.55,376019153057340,AX,4
182,109,242,2025-07-06,2025-07-08,2025-07-09,7.49,5543586176822519,MC,1
183,62,287,2025-07-31,2025-08-03,2025-08-04,8.86,5572670866656223,MC,4
184,91,160,2025-06-15,2025-06-17,2025-06-18,5.38,4976878494771299,VS,5
185,55,86,2025-05-25,2025-05-27,2025-05-28,5.7,4500618489742235,VS,4
186,144,227,2025-06-19,2025-06-22,2025-06-23,8.93,4340466821215641,VS,1
187,143,223,2025-07-17,2025-07-19,2025-07-20,5.12,372549206441111,AX,3
188,120,178,2025-07-24,2025-07-27,2025-07-28,8.07,373881827306343,AX,2
189,98,192,2025-06-10,2025-06-11,2025-06-12,9.97,4948821884968062,VS,2
190,114,185,2025-06-28,2025-06-29,2025-06-30,7.92,370511021254345,AX,3
191,25,189,2025-05-27,2025-05-29,2025-05-30,9.6,4301604986037213,VS,5
192,70,18,2025-07-28,2025-07-30,2025-07-31,7.38,4003203197899908,VS,1
193,179,130,2025-05-27,2025-05-29,2025-05-30,5.28,4400347131719786,VS,5
194,8,242,2025-06-29,2025-07-02,2025-07-03,5.86,5216259084194787,MC,5
195,27,20,2025-06-20,2025-06-22,2025-06-23,8.05,370113753582108,AX,2
196,181,91,2025-07-04,2025-07-05,2025-07-06,7.09,348878072790371,AX,1
197,15,228,2025-05-30,2025-05-30,2025-05-31,5.48,2316088197223993,MC,5
198,72,100,2025-07-20,2025-07-20,2025-07-21,9.18,2294771837530762,MC,3
199,182,87,2025-07-13,2025-07-15,2025-07-16,5.06,4024808557800240,VS,4
200,107,32,2025-07-23,2025-07-23,2025-07-24,9.12,373236221690695,AX,5
201,38,137,2025-07-23,2025-07-23,2025-07-24,7.21,378574670675162,AX,3
202,156,102,2025-07-19,2025-07-22,2025-07-23,8.17,343952150164265,AX,1
203,80,141,2025-05-27,2025-05-29,2025-05-30,6.7,347033508424317,AX,5
204,179,45,2025-07-19,2025-07-22,2025-07-23,5.57,349248481300411,AX,1
205,47,45,2025-07-30,2025-07-31,2025-08-01,7.95,2391053021516754,MC,1
206,197,87,2025-08-02,2025-08-02,2025-08-03,8.18,374633953481104,AX,4
207,21,127,2025-06-20,2025-06-22,2025-06-23,8.2,4147642789615734,VS,2
208,192,68,2025-07-12,2025-07-14,2025-07-15,6.89,375128177512395,AX,3
209,46,143,2025-06-25,2025-06-26,2025-06-27,6.57,4815542609723604,VS,2
210,49,140,2025-06-03,2025-06-04,2025-06-05,9.89,374654677205173,AX,3
211,179,226,2025-05-29,2025-05-31,2025-06-01,7.44,347308715647839,AX,5
212,94,179,2025-07-05,2025-07-08,2025-07-09,8.43,4317543802741487,VS,2
213,10,300,2025-08-10,2025-08-13,2025-08-14,7.68,377260292546863,AX,2
214,180,223,2025-06-03,2025-06-05,2025-06-06,9.04,4288407664207638,VS,3
215,54,176,2025-06-02,2025-06-04,2025-06-05,7.56,371353867625927,AX,2
216,67,112,2025-06-10,2025-06-13,2025-06-14,5.15,2668790604886932,MC,1
217,133,96,2025-06-06,2025-06-09,2025-06-10,7.33,345534050892738,AX,3
218,96,289,2025-07-15,2025-07-18,2025-07-19,7.93,4159764053567071,VS,1
219,83,54,2025-07-07,2025-07-09,2025-07-10,5.78,377554261903844,AX,4
220,86,173,2025-06-03,2025-06-03,2025-06-04,9.56,347362732022278,AX,3
221,42,240,2025-05-30,2025-05-31,2025-06-01,7.19,341757691716206,AX,5
222,117,295,2025-08-03,2025-08-06,2025-08-07,6.99,4298514486983052,VS,2
223,65,192,2025-06-06,2025-06-08,2025-06-09,8.38,5469039220269808,MC,3
224,11,120,2025-05-29,2025-05-29,2025-05-30,7.12,2252647106801771,MC,3
225,148,206,2025-08-13,2025-08-13,2025-08-14,7.55,343163705004937,AX,3
226,153,269,2025-06-09,2025-06-10,2025-06-11,8.75,4672446931729473,VS,2
227,170,171,2025-07-01,2025-07-01,2025-07-02,6.54,348083906540254,AX,2
228,89,235,2025-07-18,2025-07-21,2025-07-22,7.29,371939327272811,AX,2
229,52,89,2025-06-04,2025-06-06,2025-06-07,5.39,2711635049602666,MC,2
230,53,224,2025-07-02,2025-07-02,2025-07-03,6.21,4527284539749958,VS,5
231,199,192,2025-05-22,2025-05-22,2025-05-23,5.79,2408864067560204,MC,1
232,121,282,2025-07-11,2025-07-14,2025-07-15,6.05,4192902215439040,VS,4
233,172,193,2025-06-14,2025-06-17,2025-06-18,6.2,4932253332023514,VS,1
234,100,66,2025-05-23,2025-05-25,2025-05-26,6.99,345550193545033,AX,3
235,73,218,2025-08-11,2025-08-14,2025-08-15,5.35,4988843933324361,VS,4
236,172,14,2025-08-17,2025-08-18,2025-08-19,5.88,4962080598312445,VS,2
237,95,186,2025-05-28,2025-05-30,2025-05-31,9.11,4907596599920124,VS,5
238,154,204,2025-06-12,2025-06-12,2025-06-13,6.14,4631774954210620,VS,4
239,49,23,2025-07-16,2025-07-17,2025-07-18,7.17,2251937591922674,MC,3
240,99,93,2025-05-27,2025-05-30,2025-05-31,6.41,341753626475281,AX,4
241,173,247,2025-07-20,2025-07-20,2025-07-21,9.78,2294612096173003,MC,4
242,46,84,2025-07-14,2025-07-17,2025-07-18,7.58,4845240321153556,VS,1
243,120,43,2025-05-20,2025-05-22,2025-05-23,8.65,4143219143087795,VS,4
244,4,83,2025-07-03,2025-07-05,2025-07-06,7.86,344792542218836,AX,4
245,176,233,2025-07-27,2025-07-27,2025-07-28,8.26,2255819204877063,MC,4
246,109,28,2025-07-06,2025-07-08,2025-07-09,6.28,2299333299865155,MC,1
247,155,231,2025-08-12,2025-08-14,2025-08-15,8.55,2720025784640858,MC,5
248,94,58,2025-07-20,2025-07-21,2025-07-22,7.65,2658838256726203,MC,4
249,173,41,2025-07-30,2025-07-31,2025-08-01,6.68,376729254355191,AX,5
250,67,102,2025-06-27,2025-06-30,2025-07-01,5.23,2229222501825625,MC,3
251,11,63,2025-08-01,2025-08-04,2025-08-05,6.83,2267286394201221,MC,5
252,176,190,2025-06-12,2025-06-14,2025-06-15,6.68,2251499290096623,MC,3
253,197,13,2025-08-08,2025-08-10,2025-08-11,6.46,370266045095634,AX,4
254,5,229,2025-06-06,2025-06-08,2025-06-09,8.17,5374003910193359,MC,5
255,29,183,2025-08-02,2025-08-02,2025-08-03,8.68,4892224711936004,VS,2
256,45,44,2025-06-29,2025-06-29,2025-06-30,8.62,348277056461606,AX,4
257,111,141,2025-07-05,2025-07-07,2025-07-08,8.43,2326438500953729,MC,2
258,188,269,2025-06-08,2025-06-11,2025-06-12,5.37,376176231336102,AX,3
259,10,76,2025-07-21,2025-07-21,2025-07-22,7.55,2720441642316542,MC,1
260,87,155,2025-08-15,2025-08-18,2025-08-19,5.1,2261372776857602,MC,3
261,185,41,2025-06-29,2025-07-02,2025-07-03,8.96,344942904617550,AX,5
262,67,156,2025-05-29,2025-05-30,2025-05-31,8.98,4017999324202486,VS,3
263,147,243,2025-06-10,2025-06-11,2025-06-12,6.36,2444417234565386,MC,2
264,71,257,2025-08-07,2025-08-07,2025-08-08,6.98,4947902548536262,VS,2
265,174,146,2025-07-13,2025-07-15,2025-07-16,7.03,344723864100955,AX,1
266,107,67,2025-06-11,2025-06-13,2025-06-14,7.3,2655742164359904,MC,3
267,25,114,2025-08-09,2025-08-10,2025-08-11,8.54,349378146047618,AX,2
268,17,148,2025-06-17,2025-06-20,2025-06-21,7.09,4788443706618750,VS,5
269,85,278,2025-08-13,2025-08-16,2025-08-17,9.64,2346726368154182,MC,1
270,88,175,2025-06-25,2025-06-27,2025-06-28,9.1,2699002772910848,MC,2
271,119,256,2025-06-21,2025-06-22,2025-06-23,8.48,4786043566050334,VS,4
272,66,207,2025-07-02,2025-07-02,2025-07-03,9.25,4698330677306714,VS,1
273,162,250,2025-07-12,2025-07-14,2025-07-15,6.03,342266794190870,AX,5
274,95,156,2025-07-08,2025-07-10,2025-07-11,7.25,2665385906739633,MC,4
275,8,80,2025-06-18,2025-06-19,2025-06-20,6.75,4898760550492215,VS,4
276,107,12,2025-07-26,2025-07-28,2025-07-29,8.71,4048618670663207,VS,2
277,97,276,2025-08-02,2025-08-03,2025-08-04,8.03,5362907399289195,MC,1
278,25,203,2025-08-07,2025-08-08,2025-08-09,9.95,347182653371706,AX,5
279,75,92,2025-07-10,2025-07-11,2025-07-12,9.88,4494269420398311,VS,5
280,105,181,2025-07-24,2025-07-25,2025-07-26,9.49,2245490145996702,MC,3
281,82,186,2025-06-25,2025-06-25,2025-06-26,9.41,4195873054982431,VS,3
282,129,275,2025-07-13,2025-07-16,2025-07-17,9.29,373021781678060,AX,4
283,194,238,2025-07-20,2025-07-22,2025-07-23,5.77,2294315890164927,MC,2
284,103,148,2025-08-15,2025-08-15,2025-08-16,9.14,4503701709264078,VS,4
285,168,89,2025-08-13,2025-08-13,2025-08-14,7.89,5230880817262823,MC,4
286,108,211,2025-07-17,2025-07-18,2025-07-19,5.14,4824485007288953,VS,2
287,36,258,2025-07-13,2025-07-13,2025-07-14,7.84,4741168069196120,VS,4
288,6,167,2025-08-05,2025-08-06,2025-08-07,7.84,376620808203914,AX,4
289,176,47,2025-07-03,2025-07-05,2025-07-06,8.7,342634443596245,AX,4
290,142,262,2025-06-21,2025-06-22,2025-06-23,7.28,370120424253696,AX,2
291,45,242,2025-05-21,2025-05-22,2025-05-23,5.65,2711237530284979,MC,1
292,8,106,2025-06-28,2025-07-01,2025-07-02,6.22,5239670243652403,MC,5
293,114,124,2025-06-23,2025-06-24,2025-06-25,7.49,2283648187540364,MC,1
294,155,170,2025-08-08,2025-08-09,2025-08-10,7.3,378821597738544,AX,1
295,2,17,2025-07-28,2025-07-31,2025-08-01,9.97,4623236066799866,VS,4
296,19,214,2025-06-16,2025-06-18,2025-06-19,7.68,4259497220429862,VS,5
297,166,274,2025-06-06,2025-06-06,2025-06-07,7.39,2227992066617995,MC,1
298,75,204,2025-06-28,2025-06-28,2025-06-29,6.99,2224569992998336,MC,5
299,162,226,2025-06-20,2025-06-23,2025-06-24,5.51,376887779256045,AX,3
300,195,297,2025-05-31,2025-05-31,2025-06-01,5.83,4482084931539830,VS,4
301,169,174,2025-08-02,2025-08-03,2025-08-04,8.97,342260001440764,AX,2
302,68,50,2025-06-03,2025-06-05,2025-06-06,8.46,4430491341038977,VS,4
303,182,252,2025-06-20,2025-06-21,2025-06-22,6.7,5587209986564224,MC,4
304,85,231,2025-06-17,2025-06-19,2025-06-20,6.37,4592082353097664,VS,1
305,195,72,2025-07-18,2025-07-19,2025-07-20,6.43,4948962980568206,VS,2
306,95,289,2025-05-28,2025-05-30,2025-05-31,6.45,4530796618695724,VS,2
307,146,157,2025-08-01,2025-08-04,2025-08-05,7.19,4043474125313799,VS,3
308,40,66,2025-06-19,2025-06-20,2025-06-21,6.45,4100777321750360,VS,4
309,66,117,2025-05-28,2025-05-28,2025-05-29,7.91,340259991938730,AX,2
310,150,7,2025-06-09,2025-06-11,2025-06-12,8.6,2403424447489049,MC,5
311,104,245,2025-07-06,2025-07-07,2025-07-08,8.21,2307862351076517,MC,5
312,129,161,2025-08-03,2025-08-05,2025-08-06,9.32,2720170851732897,MC,4
313,166,87,2025-06-22,2025-06-25,2025-06-26,7.41,344563409185800,AX,4
314,4,34,2025-06-22,2025-06-24,2025-06-25,6.54,378115744965393,AX,2
315,39,143,2025-07-23,2025-07-23,2025-07-24,5.97,4607700409304544,VS,4
316,118,292,2025-05-31,2025-05-31,2025-06-01,9.22,4039822180396628,VS,5
317,59,104,2025-08-02,2025-08-04,2025-08-05,5.15,4385886407880268,VS,1
318,85,260,2025-06-20,2025-06-20,2025-06-21,7.76,2226164693335620,MC,5
319,190,276,2025-06-08,2025-06-08,2025-06-09,7.22,343974408806703,AX,5
320,64,126,2025-07-08,2025-07-10,2025-07-11,5.9,4092019918431132,VS,2
321,59,234,2025-07-25,2025-07-26,2025-07-27,9.89,346611584858051,AX,3
322,142,143,2025-06-04,2025-06-04,2025-06-05,5.94,4321196047220538,VS,1
323,34,268,2025-07-17,2025-07-19,2025-07-20,6.03,370774544708235,AX,2
324,150,298,2025-05-27,2025-05-30,2025-05-31,5.48,2414619953946764,MC,1
325,82,38,2025-06-28,2025-06-29,2025-06-30,5.57,5562359605302610,MC,1
326,122,102,2025-07-30,2025-07-30,2025-07-31,7.94,4025787036860505,VS,5
327,125,154,2025-06-27,2025-06-27,2025-06-28,7.14,4066360502816409,VS,1
328,185,227,2025-07-19,2025-07-20,2025-07-21,9.02,4039091203025206,VS,5
329,194,234,2025-07-18,2025-07-18,2025-07-19,8.76,2255237597953195,MC,5
330,70,253,2025-07-22,2025-07-23,2025-07-24,7.53,2227009860275746,MC,5
331,73,154,2025-07-23,2025-07-25,2025-07-26,6.24,4449205489445383,VS,3
332,174,288,2025-05-28,2025-05-30,2025-05-31,7.19,4808189655834452,VS,2
333,125,4,2025-06-27,2025-06-29,2025-06-30,7.34,4229521797056605,VS,2
334,46,34,2025-06-11,2025-06-14,2025-06-15,6.51,4162486070472664,VS,4
335,88,276,2025-05-21,2025-05-22,2025-05-23,8.88,343515850153019,AX,2
336,55,158,2025-07-01,2025-07-03,2025-07-04,8.82,2241671560587902,MC,4
337,27,154,2025-06-25,2025-06-26,2025-06-27,8.35,4244133954794068,VS,3
338,41,99,2025-06-14,2025-06-17,2025-06-18,9.25,373157905719180,AX,5
339,170,81,2025-07-20,2025-07-22,2025-07-23,9.9,4646936561833598,VS,5
340,107,138,2025-07-07,2025-07-08,2025-07-09,7.35,2258768057023779,MC,3
341,95,75,2025-08-05,2025-08-07,2025-08-08,8.62,5384301922095671,MC,3
342,116,158,2025-06-12,2025-06-15,2025-06-16,6.96,4329732396440285,VS,4
343,2,207,2025-08-17,2025-08-17,2025-08-18,6.76,5553267699242777,MC,2
344,117,141,2025-08-17,2025-08-17,2025-08-18,6.0,4923852023209141,VS,3
345,76,192,2025-07-25,2025-07-25,2025-07-26,7.13,5116933284423474,MC,4
346,84,286,2025-07-23,2025-07-24,2025-07-25,8.08,349982907551542,AX,4
347,71,55,2025-07-25,2025-07-25,2025-07-26,5.79,372607569991385,AX,4
348,185,241,2025-06-10,2025-06-10,2025-06-11,6.94,4006433226227774,VS,4
349,64,144,2025-07-04,2025-07-07,2025-07-08,5.5,343168066470700,AX,3
350,71,276,2025-06-09,2025-06-11,2025-06-12,9.61,2705036059529840,MC,1
351,121,69,2025-06-02,2025-06-02,2025-06-03,9.88,2261074027406755,MC,4
352,39,78,2025-07-08,2025-07-10,2025-07-11,5.99,4676259062003634,VS,1
353,113,126,2025-08-06,2025-08-08,2025-08-09,7.72,4646149745979317,VS,3
354,143,272,2025-07-09,2025-07-11,2025-07-12,5.1,4997984914986098,VS,1
355,180,161,2025-07-30,2025-08-01,2025-08-02,8.73,2720550493266430,MC,2
356,48,165,2025-06-01,2025-06-04,2025-06-05,7.29,343946121289813,AX,3
357,51,133,2025-07-23,2025-07-25,2025-07-26,8.73,4594853400127623,VS,1
358,36,62,2025-06-02,2025-06-05,2025-06-06,6.97,2239847422567878,MC,4
359,13,271,2025-05-26,2025-05-26,2025-05-27,6.86,4237887058416808,VS,5
360,112,17,2025-06-26,2025-06-28,2025-06-29,7.45,4349564799846057,VS,5
361,86,35,2025-07-09,2025-07-09,2025-07-10,5.45,4794963830972361,VS,5
362,200,58,2025-08-06,2025-08-07,2025-08-08,9.22,4080926166201658,VS,1
363,147,240,2025-06-23,2025-06-24,2025-06-25,8.83,377864578655577,AX,4
364,71,239,2025-06-23,2025-06-26,2025-06-27,5.75,4247640006875866,VS,3
365,19,94,2025-08-06,2025-08-08,2025-08-09,7.63,2624051665451220,MC,4
366,6,206,2025-08-14,2025-08-16,2025-08-17,8.11,374418997402336,AX,4
367,5,5,2025-07-10,2025-07-11,2025-07-12,7.13,2386083570170361,MC,3
368,58,300,2025-06-07,2025-06-09,2025-06-10,7.28,4944238602050897,VS,2
369,198,295,2025-07-30,2025-08-01,2025-08-02,9.33,4094134909619799,VS,2
370,49,76,2025-07-06,2025-07-07,2025-07-08,5.9,2717245284135697,MC,1
371,137,21,2025-06-15,2025-06-16,2025-06-17,6.73,4450735674809577,VS,1
372,84,162,2025-07-21,2025-07-22,2025-07-23,6.03,4940598026029445,VS,3
373,42,218,2025-06-03,2025-06-05,2025-06-06,9.67,343158925849079,AX,2
374,198,182,2025-06-07,2025-06-07,2025-06-08,9.38,372031977748677,AX,4
375,32,193,2025-06-24,2025-06-24,2025-06-25,9.33,2720514186482308,MC,2
376,98,26,2025-07-07,2025-07-10,2025-07-11,6.99,2629586841962330,MC,2
377,198,195,2025-06-05,2025-06-05,2025-06-06,9.84,370586942767484,AX,5
378,149,265,2025-06-09,2025-06-09,2025-06-10,8.77,347306629315188,AX,1
379,126,184,2025-08-17,2025-08-19,2025-08-20,5.94,5378824265594693,MC,1
380,130,185,2025-07-12,2025-07-15,2025-07-16,7.53,2710623272371796,MC,4
381,5,4,2025-07-07,2025-07-10,2025-07-11,6.99,2710223790065481,MC,1
382,91,185,2025-07-19,2025-07-21,2025-07-22,7.16,370847795417670,AX,3
383,59,44,2025-06-19,2025-06-22,2025-06-23,5.07,2273981889073786,MC,3
384,187,166,2025-05-26,2025-05-26,2025-05-27,9.23,379157908945893,AX,2
385,145,5,2025-08-01,2025-08-02,2025-08-03,5.77,4268384887638028,VS,4
386,196,20,2025-05-21,2025-05-21,2025-05-22,9.0,4612396121905180,VS,3
387,96,213,2025-08-13,2025-08-14,2025-08-15,5.85,2701298861820700,MC,5
388,39,93,2025-08-16,2025-08-18,2025-08-19,8.92,376901079237298,AX,1
389,128,105,2025-07-12,2025-07-14,2025-07-15,8.12,5568933486497030,MC,3
390,160,165,2025-07-28,2025-07-28,2025-07-29,6.65,370675789683357,AX,4
391,9,74,2025-06-23,2025-06-26,2025-06-27,7.69,370773123155503,AX,5
392,185,269,2025-07-25,2025-07-26,2025-07-27,5.49,377052187993841,AX,3
393,58,48,2025-07-28,2025-07-31,2025-08-01,5.55,374045883114145,AX,4
394,119,213,2025-08-14,2025-08-17,2025-08-18,9.27,370123503687156,AX,1
395,80,244,2025-07-19,2025-07-22,2025-07-23,5.63,2298910977978029,MC,5
396,94,50,2025-06-11,2025-06-14,2025-06-15,8.73,2264568446794037,MC,5
397,51,65,2025-08-07,2025-08-08,2025-08-09,5.64,4640163295737831,VS,2
398,58,43,2025-08-12,2025-08-12,2025-08-13,7.01,4597572927318682,VS,5
399,27,128,2025-08-03,2025-08-04,2025-08-05,5.91,2230291585423323,MC,3
400,85,237,2025-06-18,2025-06-20,2025-06-21,6.63,346518548396609,AX,3
401,170,75,2025-07-04,2025-07-04,2025-07-05,9.52,4446746215958416,VS,4
402,162,25,2025-08-17,2025-08-18,2025-08-19,5.06,374916170502210,AX,1
403,61,83,2025-07-08,2025-07-11,2025-07-12,5.05,5469814134476099,MC,4
404,124,177,2025-06-13,2025-06-14,2025-06-15,9.34,4774029286433029,VS,5
405,104,232,2025-06-30,2025-07-01,2025-07-02,8.1,2280996218366777,MC,5
406,113,61,2025-05-31,2025-06-02,2025-06-03,8.83,4666102563420224,VS,3
407,87,96,2025-06-01,2025-06-03,2025-06-04,9.02,2244998013768368,MC,4
408,198,282,2025-07-06,2025-07-09,2025-07-10,5.47,4901779152446143,VS,3
409,196,266,2025-06-17,2025-06-19,2025-06-20,8.9,349233517465644,AX,4
410,165,14,2025-06-02,2025-06-03,2025-06-04,6.13,370186372631993,AX,4
411,29,62,2025-08-03,2025-08-05,2025-08-06,9.36,376955922776415,AX,3
412,116,224,2025-06-17,2025-06-17,2025-06-18,5.9,4038502551344487,VS,5
413,50,73,2025-06-27,2025-06-28,2025-06-29,5.98,372288390473313,AX,3
414,135,78,2025-06-13,2025-06-13,2025-06-14,6.8,4461574932511494,VS,2
415,178,272,2025-07-03,2025-07-04,2025-07-05,5.78,2687953120409541,MC,2
416,163,116,2025-06-12,2025-06-13,2025-06-14,9.7,4766183085800183,VS,5
417,109,104,2025-07-05,2025-07-07,2025-07-08,9.79,341439151143672,AX,4
418,76,200,2025-07-10,2025-07-13,2025-07-14,7.33,2321078187109685,MC,2
419,185,154,2025-06-20,2025-06-20,2025-06-21,6.25,374257068026933,AX,5
420,172,160,2025-06-12,2025-06-13,2025-06-14,8.06,4542306002302865,VS,1
421,16,211,2025-08-12,2025-08-13,2025-08-14,7.39,375052241142064,AX,2
422,196,125,2025-06-28,2025-07-01,2025-07-02,8.22,370151459920164,AX,4
423,152,100,2025-06-30,2025-07-01,2025-07-02,5.34,2243822224005397,MC,3
424,36,206,2025-06-01,2025-06-01,2025-06-02,8.69,4205620190113480,VS,2
425,53,228,2025-06-18,2025-06-19,2025-06-20,6.37,4391332528613231,VS,3
426,3,61,2025-07-30,2025-08-01,2025-08-02,5.5,4564523428644976,VS,5
427,121,119,2025-06-30,2025-07-03,2025-07-04,9.1,5124986634209530,MC,5
428,191,233,2025-07-01,2025-07-02,2025-07-03,9.39,377349852973565,AX,3
429,70,21,2025-08-09,2025-08-12,2025-08-13,5.55,5352665591476257,MC,4
430,110,300,2025-08-04,2025-08-05,2025-08-06,8.45,4809664147533697,VS,4
431,195,150,2025-07-26,2025-07-27,2025-07-28,5.51,4247466535389629,VS,5
432,154,186,2025-08-01,2025-08-02,2025-08-03,7.46,4324367924157120,VS,4
433,108,30,2025-07-21,2025-07-21,2025-07-22,9.2,2463835434685868,MC,3
434,65,261,2025-06-12,2025-06-14,2025-06-15,8.32,2710616824979397,MC,3
435,92,43,2025-07-18,2025-07-18,2025-07-19,8.56,346153811683713,AX,4
436,63,300,2025-05-22,2025-05-25,2025-05-26,7.95,340737260720145,AX,3
437,27,250,2025-07-11,2025-07-14,2025-07-15,7.58,4780826493121467,VS,4
438,11,56,2025-08-04,2025-08-04,2025-08-05,5.46,4947625429264569,VS,2
439,93,298,2025-06-08,2025-06-11,2025-06-12,8.58,2239172994036941,MC,1
440,89,226,2025-07-08,2025-07-11,2025-07-12,9.31,4126649719670684,VS,1
441,103,222,2025-06-10,2025-06-10,2025-06-11,7.82,345391016125905,AX,1
442,162,169,2025-05-31,2025-05-31,2025-06-01,9.59,2293994901333449,MC,1
443,187,234,2025-06-09,2025-06-11,2025-06-12,9.08,2567348140984109,MC,3
444,91,128,2025-05-26,2025-05-28,2025-05-29,8.91,2379301481160498,MC,3
445,118,135,2025-07-22,2025-07-23,2025-07-24,7.78,340042028866169,AX,5
446,166,165,2025-08-16,2025-08-19,2025-08-20,8.89,2700199034213487,MC,2
447,128,46,2025-08-14,2025-08-16,2025-08-17,8.07,2274842035316074,MC,2
448,82,157,2025-07-13,2025-07-13,2025-07-14,5.44,4791386015711714,VS,4
449,81,255,2025-06-08,2025-06-09,2025-06-10,6.0,5519402470288144,MC,4
450,90,173,2025-05-28,2025-05-31,2025-06-01,8.76,5428745271936786,MC,2
451,83,9,2025-06-24,2025-06-24,2025-06-25,7.9,376463913810749,AX,5
452,180,287,2025-07-18,2025-07-20,2025-07-21,7.68,4619423215401315,VS,4
453,159,39,2025-08-17,2025-08-18,2025-08-19,5.44,373506962616848,AX,5
454,170,208,2025-08-07,2025-08-09,2025-08-10,8.57,375252741025476,AX,5
455,91,204,2025-07-28,2025-07-29,2025-07-30,5.51,5379899488566941,MC,3
456,158,292,2025-07-08,2025-07-08,2025-07-09,9.99,2719300519567566,MC,4
457,11,126,2025-06-09,2025-06-10,2025-06-11,9.95,4584227172662566,VS,1
458,127,115,2025-06-24,2025-06-25,2025-06-26,9.37,344607001441309,AX,4
459,166,111,2025-08-07,2025-08-08,2025-08-09,6.47,378624087100666,AX,1
460,157,248,2025-07-11,2025-07-14,2025-07-15,7.77,2720041728207621,MC,5
461,50,212,2025-06-07,2025-06-08,2025-06-09,7.89,4152232822282403,VS,5
462,100,134,2025-07-11,2025-07-13,2025-07-14,7.15,2257528359994007,MC,3
463,61,164,2025-06-15,2025-06-17,2025-06-18,9.78,340847913511351,AX,2
464,83,127,2025-07-23,2025-07-24,2025-07-25,9.9,345357228920649,AX,5
465,182,244,2025-05-31,2025-06-02,2025-06-03,9.03,377809783028011,AX,5
466,59,179,2025-05-22,2025-05-23,2025-05-24,6.34,2261945341952816,MC,1
467,118,225,2025-07-22,2025-07-25,2025-07-26,7.17,4478674280218899,VS,2
468,6,287,2025-06-10,2025-06-13,2025-06-14,8.24,4635780378912135,VS,3
469,123,76,2025-08-07,2025-08-07,2025-08-08,6.76,4436990558557599,VS,3
470,146,130,2025-07-14,2025-07-14,2025-07-15,7.98,4084290696904521,VS,4
471,181,69,2025-07-09,2025-07-12,2025-07-13,8.3,370610656733746,AX,3
472,138,156,2025-06-25,2025-06-27,2025-06-28,7.84,370165276136812,AX,5
473,105,74,2025-06-18,2025-06-20,2025-06-21,9.84,342530843769921,AX,1
474,183,184,2025-07-21,2025-07-21,2025-07-22,8.06,374447725084231,AX,5
475,106,83,2025-07-31,2025-08-01,2025-08-02,9.89,344234800417248,AX,2
476,47,16,2025-05-30,2025-06-02,2025-06-03,5.59,4536915855749069,VS,1
477,25,207,2025-06-05,2025-06-08,2025-06-09,6.9,2596024257033320,MC,4
478,36,176,2025-07-19,2025-07-20,2025-07-21,6.55,379452315828638,AX,2
479,182,221,2025-05-24,2025-05-26,2025-05-27,5.44,2250296629917219,MC,3
480,103,103,2025-07-06,2025-07-07,2025-07-08,9.92,2262922041678214,MC,1
481,87,232,2025-06-23,2025-06-23,2025-06-24,6.28,4926693706325037,VS,5
482,16,286,2025-05-31,2025-05-31,2025-06-01,6.86,4928048502206196,VS,2
483,1,271,2025-05-24,2025-05-24,2025-05-25,6.62,349333593797199,AX,3
484,8,291,2025-05-25,2025-05-27,2025-05-28,9.77,340029561622562,AX,2
485,163,256,2025-07-28,2025-07-29,2025-07-30,6.08,4718559407992304,VS,3
486,25,80,2025-06-16,2025-06-18,2025-06-19,5.87,4323167781456479,VS,4
487,181,91,2025-07-30,2025-07-31,2025-08-01,5.14,2263701945391176,MC,1
488,138,62,2025-07-07,2025-07-09,2025-07-10,5.53,2366505276120922,MC,2
489,152,266,2025-07-12,2025-07-13,2025-07-14,7.48,345780619022313,AX,5
490,40,173,2025-07-24,2025-07-27,2025-07-28,7.73,4678706763532236,VS,4
491,115,60,2025-07-25,2025-07-25,2025-07-26,6.22,2518592126848560,MC,2
492,62,252,2025-06-10,2025-06-11,2025-06-12,5.2,2511429430003755,MC,1
493,123,51,2025-08-03,2025-08-03,2025-08-04,8.26,4989231324659869,VS,5
494,145,295,2025-06-25,2025-06-28,2025-06-29,8.21,4278417837659153,VS,3
495,83,70,2025-08-14,2025-08-17,2025-08-18,6.45,348201140652665,AX,4
496,104,223,2025-06-17,2025-06-20,2025-06-21,7.44,346735127245532,AX,4
497,27,165,2025-08-06,2025-08-09,2025-08-10,6.93,4756569764878494,VS,4
498,198,148,2025-06-30,2025-06-30,2025-07-01,9.15,4249451046250690,VS,2
499,23,158,2025-06-01,2025-06-02,2025-06-03,6.56,4568512062767298,VS,1
500,137,15,2025-06-11,2025-06-11,2025-06-12,6.91,2270979344212919,MC,3
